generation,bestFitness,averageFitness
1,24.07673090845875,580.8742385409458
2,24.07673090845875,211.05541928956947
3,15.583213108390614,174.44321581068579
4,14.335218103223431,139.03550320240956
5,0.0,103.33279847341271
